Category	Sub-Category
Business	Presentations
Business	Office Suites
Business	Inventory
Business	Business Plans
Business	Legal Documents
Business	Project Management
Business	Proposals
Business	Sales Tools
Business	Signing
Business	Timelines
Communication	Media Sharing
Communication	Contacts
Communication	Glossary
Communication	Brainstorming
Communication	Customer Relations
Communication	Customer Service
Communication	Email
Communication	File Sharing
Communication	Meetings
Communication	Instant Messaging
Communication	Networking
Communication	Phone & Voice
Communication	Translators
Communication	Conferencing
Productivity	File Conversion
Productivity	Settings
Productivity	Antivirus
Productivity	Bookmarks
Productivity	Security
Productivity	Notepads
Productivity	Password Managers
Productivity	Scanning
Productivity	Search
Productivity	Storage
Productivity	System Cleanup
Productivity	Text
Productivity	Time Management
Productivity	Time Tracking
Productivity	To-Do Lists
Money & Finance	Accounting Suites
Money & Finance	Currency
Money & Finance	Banks & Credit Cards
Money & Finance	Budgeting
Money & Finance	Taxes
Money & Finance	E-Commerce
Money & Finance	Funding
Money & Finance	Mortgage
Money & Finance	Payroll
Money & Finance	Expenses
Money & Finance	Invoicing
Money & Finance	Payments
Money & Finance	Stocks
Marketing & Social Media	Analytics
Marketing & Social Media	Email Marketing
Marketing & Social Media	Events
Marketing & Social Media	Online Ads
Marketing & Social Media	Public Relations
Marketing & Social Media	Publishing
Marketing & Social Media	SEO
Marketing & Social Media	Social Media Dashboard
Marketing & Social Media	Social Media Monitoring
Marketing & Social Media	Surveys & Polls
Music & Video	Video Editors
Music & Video	Video Players
Music & Video	Instruments
Music & Video	Deejay Software
Music & Video	Music Composition
Music & Video	Music Identifiers
Music & Video	Music Resources
Music & Video	Music Streaming
Music & Video	Online Radios
Music & Video	Slideshow Makers
Music & Video	Video Makers
Photos & Graphics	Graphic Design
Photos & Graphics	Fonts
Photos & Graphics	Cameras
Photos & Graphics	Collages
Photos & Graphics	Graphics Resources
Photos & Graphics	Infographics
Photos & Graphics	Photo Editors
Photos & Graphics	Printing
Photos & Graphics	QR & Bar Codes
Photos & Graphics	Screen Capture
Photos & Graphics	Sketches
Web Design & Development	Website Builders
Web Design & Development	Launch
Web Design & Development	Support
Web Design & Development	Add-Ons & Plug-Ins
Web Design & Development	App Development
Web Design & Development	App Stats Monitoring
Web Design & Development	Blogging
Web Design & Development	Ideas & Inspiration
Web Design & Development	Backup
Web Design & Development	Testing
Web Design & Development	Wireframing
Working Together	Office
Working Together	CV & Resume
Working Together	Collaboration
Working Together	Crowd Sourcing
Working Together	HR Administration
Working Together	Performance Tracking
Working Together	Recruiting
Travel & Lifestyle	Aviation
Travel & Lifestyle	Books
Travel & Lifestyle	Education
Travel & Lifestyle	Fitness
Travel & Lifestyle	Flights, Hotels, Cars
Travel & Lifestyle	Food & Drinks
Travel & Lifestyle	Health
Travel & Lifestyle	Languages
Travel & Lifestyle	Maps
Travel & Lifestyle	News
Travel & Lifestyle	Shopping
Travel & Lifestyle	Sports
Travel & Lifestyle	Real Estate
Travel & Lifestyle	Relocation
Travel & Lifestyle	Travel Planning
Travel & Lifestyle	Weather
Just for Fun	Good-To-Know
Just for Fun	Celebrations
Just for Fun	Life Stories
Just for Fun	Dating
Just for Fun	Clocks & Alarms
Just for Fun	Entertainment
Just for Fun	Games
Just for Fun	Killing Time
Just for Fun	Reference
Just for Fun	Online TV
Just for Fun	RSS Readers
Just for Fun	Social Networks